stratum_first,stratum_last,population,sample
1,10,4,4
11,20,739,730
21,30,3453,3474
31,40,1218,1222
41,50,1542,1519
51,60,2735,2597
61,70,3575,3594
71,80,3539,3557
81,90,3180,3189
91,100,2178,2168
101,110,4412,3365
111,120,1834,1840
121,130,3815,2994
131,140,3845,2986
141,150,2339,2345
151,160,2922,2850
161,170,2651,2629
171,180,2080,2071
181,190,1955,1945
191,200,3915,3467
201,210,3269,3195
211,220,3150,3145
221,230,2788,2749
231,240,2767,2717
241,250,1412,1417
251,260,2023,2030
261,270,2234,2222
271,280,2050,2060
281,290,3886,3906
291,300,3924,3711
301,310,3036,2717
311,320,2346,2359
321,330,2980,2988
331,340,9881,4120
341,350,25177,4258
351,360,2361,2366
361,370,2416,2440
371,380,4461,4012
381,390,1538,1550
391,400,3817,3186
401,410,4821,3934
411,420,2971,2745
421,430,4753,4009
431,440,3707,3004
441,450,3716,2916
451,460,2068,2088
461,470,1382,1396
471,480,3831,3488
481,490,2446,2465
491,500,1154,1163
501,510,1429,1435
511,520,2916,2935
521,530,3119,3140
531,540,1509,1520
541,550,2349,2360
551,560,2874,2890
561,570,3282,3311
571,580,2341,2363
581,590,1471,1484
591,600,3391,3399
601,610,2210,2146
611,620,2216,2215
621,630,1295,1310
631,640,1514,1528
641,650,3450,3250
651,660,9320,3875
661,670,1991,2002
671,680,3731,2616
681,690,1463,1475
691,700,1329,1333
701,710,1399,1405
711,720,1234,1249
721,730,2233,2248
731,740,2400,2413
741,750,1539,1548
751,760,2291,2307
761,770,4986,3078
771,780,1154,1150
781,790,2630,2516
791,800,1970,1996
801,810,2484,2492
811,820,1909,1920
821,830,1672,1677
831,840,1567,1583
841,850,1278,1279
851,860,1656,1661
861,870,2796,2585
871,880,1719,1728
881,890,2621,2656
891,900,1850,1859
901,910,2609,2627
911,920,4102,4007
921,930,1255,1261
931,940,1494,1499
941,950,1428,1424
951,960,2041,2058
961,970,1096,1105
971,980,2903,2933
981,990,1418,1423
991,1000,980,990
1001,1010,1199,1203
1011,1020,2532,2532
1021,1030,1251,1286
1031,1040,1596,1648
1041,1050,1650,1669
1051,1060,904,915
1061,1070,1345,1367
1071,1080,886,882
1081,1090,2013,2017
1091,1100,1470,1482
1101,1110,842,847
1111,1120,4536,4444
1121,1130,1037,1048
1131,1140,1540,1545
1141,1150,835,843
1151,1160,788,793
1161,1170,850,857
1171,1180,1441,1449
1181,1190,780,782
1191,1200,689,701
1201,1210,1068,1067
1211,1220,923,914
1221,1230,1311,1310
1231,1240,1189,1189
1241,1250,907,907
1251,1260,990,990
1261,1270,971,971
1271,1280,816,816
1281,1290,1104,1103
1291,1300,1513,1512
1301,1310,898,898
1311,1320,1214,1211
1321,1330,1324,1321
1331,1340,2024,1986
1341,1350,1221,1221
1351,1360,713,713
1361,1370,1057,1057
1371,1380,794,792
1381,1390,991,990
1391,1400,882,881
1401,1410,937,934
1411,1420,1130,1129
1421,1430,1014,1014
1431,1440,1113,1113
1441,1450,869,869
1451,1460,855,856
1461,1470,2257,2000
1471,1480,1840,1839
1481,1490,755,754
1491,1500,1936,1925
1501,1510,635,635
1511,1520,1066,1065
1521,1530,1006,1007
1531,1540,2174,1998
1541,1550,1343,1341
1551,1560,1748,1746
1561,1570,985,985
1571,1580,1132,1132
1581,1590,993,993
1591,1600,912,912
1601,1610,1867,1848
1611,1620,1203,1199
1621,1630,1408,1408
1631,1640,2689,2000
1641,1650,2167,2000
1651,1660,1731,1729
1661,1670,764,762
1671,1680,668,668
1681,1690,1100,1100
1691,1700,1603,1600
1701,1710,1601,1592
1711,1720,1526,1520
1721,1730,729,727
1731,1740,1186,1186
1741,1750,2276,2000
1751,1760,893,889
1761,1770,819,819
1771,1780,1338,1338
1781,1790,599,599
1791,1800,1324,1323
1801,1810,751,751
1811,1820,607,607
1821,1830,1400,1400
1831,1840,2050,1998
1841,1850,1117,1106
1851,1860,738,735
1861,1870,602,602
1871,1880,894,894
1881,1890,2053,1999
1891,1900,713,711
1901,1910,1017,1017
1911,1920,840,840
1921,1930,521,520
1931,1940,1365,1361
1941,1950,752,749
1951,1960,1157,1157
1961,1970,715,715
1971,1980,1012,1012
1981,1990,625,622
1991,2000,1337,1334
2001,2010,1050,1050
2011,2020,1031,1031
2021,2030,1212,1211
2031,2040,1000,1000
2041,2050,1251,1250
2051,2060,537,537
2061,2070,791,791
2071,2080,1166,1165
2081,2090,407,408
2091,2100,1031,1031
2101,2110,1250,1237
2111,2120,813,813
2121,2130,1047,1046
2131,2140,1796,1794
2141,2150,1113,1112
2151,2160,951,951
2161,2170,781,776
2171,2180,1343,1342
2181,2190,709,707
2191,2200,877,877
2201,2210,654,654
2211,2220,726,726
2221,2230,862,862
2231,2240,868,866
2241,2250,1129,1129
2251,2260,1170,1170
2261,2270,536,536
2271,2280,702,699
2281,2290,1781,1778
2291,2300,1646,1644
2301,2310,675,675
2311,2320,1069,1068
2321,2330,1457,1455
2331,2340,777,777
2341,2350,640,640
2351,2360,1786,1786
2361,2370,558,558
2371,2380,1101,1101
2381,2390,573,573
2391,2400,1219,1218
2401,2410,1204,1202
2411,2420,864,864
2421,2430,1260,1258
2431,2440,728,728
2441,2450,1197,1197
2451,2460,456,456
2461,2470,1749,1749
2471,2480,405,405
2481,2490,707,705
2491,2500,1495,1495
2501,2510,1393,1393
2511,2520,645,645
2521,2530,473,473
2531,2540,514,513
2541,2550,458,447
2551,2560,721,721
2561,2570,1432,1432
2571,2580,1663,1656
2581,2590,1017,1017
2591,2600,470,470
2601,2610,1934,1934
2611,2620,1261,1261
2621,2630,618,618
2631,2640,696,695
2641,2650,1035,1035
2651,2660,444,445
2661,2670,5333,2378
2671,2680,730,731
2681,2690,582,580
2691,2700,1603,1595
2701,2710,1816,1812
2711,2720,1294,1293
2721,2730,543,542
2731,2740,583,580
2741,2750,511,511
2751,2760,520,520
2761,2770,565,565
2771,2780,577,577
2781,2790,584,584
2791,2800,966,962
2801,2810,547,547
2811,2820,849,847
2821,2830,814,814
2831,2840,636,636
2841,2850,836,836
2851,2860,412,411
2861,2870,479,479
2871,2880,782,782
2881,2890,530,530
2891,2900,562,560
2901,2910,515,515
2911,2920,599,599
2921,2930,799,799
2931,2940,471,469
2941,2950,518,517
2951,2960,697,695
2961,2970,754,754
2971,2980,1758,1758
2981,2990,588,588
2991,3000,2116,2000
3001,3010,1886,1882
3011,3020,1712,1705
3021,3030,600,600
3031,3040,472,470
3041,3050,584,584
3051,3060,2849,1999
3061,3070,522,522
3071,3080,714,713
3081,3090,824,824
3091,3100,664,664
3101,3110,1564,1563
3111,3120,644,644
3121,3130,526,526
3131,3140,707,707
3141,3150,653,653
3151,3160,1165,1165
3161,3170,609,609
3171,3180,804,800
3181,3190,527,527
3191,3200,460,460
3201,3210,643,643
3211,3220,707,707
3221,3230,555,552
3231,3240,524,524
3241,3250,533,530
3251,3260,722,720
3261,3270,445,445
3271,3280,615,610
3281,3290,512,512
3291,3300,536,536
3301,3310,626,626
3311,3320,651,648
3321,3330,615,615
3331,3340,536,535
3341,3350,508,508
3351,3360,647,647
3361,3370,463,463
3371,3380,927,926
3381,3390,450,450
3391,3400,794,794
3401,3410,603,603
3411,3420,656,655
3421,3430,686,684
3431,3440,585,585
3441,3450,519,515
3451,3460,818,816
3461,3470,741,735
3471,3480,1494,1492
3481,3490,1187,1184
3491,3500,708,708
3501,3510,801,800
3511,3520,1004,1004
3521,3530,1148,1147
3531,3540,484,482
3541,3550,532,532
3551,3560,658,657
3561,3570,875,875
3571,3580,477,477
3581,3590,852,852
3591,3600,536,536
3601,3610,638,638
3611,3620,508,508
3621,3630,596,596
3631,3640,1939,1937
3641,3650,831,825
3651,3660,672,672
3661,3670,1047,1047
3671,3680,1211,1210
3681,3690,592,592
3691,3700,547,547
3701,3710,1417,1412
3711,3720,460,460
3721,3730,545,544
3731,3740,474,473
3741,3750,546,545
3751,3760,569,567
3761,3770,566,565
3771,3780,2811,1997
3781,3790,586,586
3791,3800,598,598
3801,3810,653,649
3811,3820,722,722
3821,3830,547,544
3831,3840,570,569
3841,3850,768,768
3851,3860,873,871
3861,3870,652,645
3871,3880,512,509
3881,3890,581,581
3891,3900,572,570
3901,3910,961,959
3911,3920,580,580
3921,3930,1637,1629
3931,3940,600,600
3941,3950,678,678
3951,3960,543,543
3961,3970,601,601
3971,3980,1030,1029
3981,3990,581,580
3991,4000,787,787
4001,4010,528,528
4011,4020,562,562
4021,4030,503,495
4031,4040,516,517
4041,4050,481,479
4051,4060,981,977
4061,4070,1058,1058
4071,4080,531,531
4081,4090,633,633
4091,4100,557,557
4101,4110,710,709
4111,4120,472,471
4121,4130,574,574
4131,4140,601,600
4141,4150,813,814
4151,4160,713,714
4161,4170,542,542
4171,4180,645,644
4181,4190,738,735
4191,4200,1960,1957
4201,4210,756,756
4211,4220,695,695
4221,4230,666,666
4231,4240,574,574
4241,4250,437,436
4251,4260,455,455
4261,4270,462,462
4271,4280,1006,1005
4281,4290,657,657
4291,4300,779,778
4301,4310,725,725
4311,4320,568,567
4321,4330,685,681
4331,4340,746,746
4341,4350,610,592
4351,4360,445,444
4361,4370,714,712
4371,4380,402,402
4381,4390,435,435
4391,4400,462,461
4401,4410,400,397
4411,4420,578,576
4421,4430,310,310
4431,4440,707,707
4441,4450,327,327
4451,4460,665,665
4461,4470,415,415
4471,4480,394,394
4481,4490,410,409
4491,4500,414,414
4501,4510,415,413
4511,4520,453,453
4521,4530,657,657
4531,4540,745,745
4541,4550,576,576
4551,4560,890,890
4561,4570,1336,1335
4571,4580,383,383
4581,4590,399,399
4591,4600,329,328
4601,4610,359,358
4611,4620,385,385
4621,4630,346,345
4631,4640,323,323
4641,4650,428,428
4651,4660,385,384
4661,4670,377,377
4671,4680,500,500
4681,4690,689,689
4691,4700,370,369
4701,4710,428,428
4711,4720,637,637
4721,4730,343,343
4731,4740,335,335
4741,4750,645,644
4751,4760,318,318
4761,4770,499,498
4771,4780,643,643
4781,4790,253,253
4791,4800,277,277
4801,4810,481,478
4811,4820,440,440
4821,4830,370,370
4831,4840,380,380
4841,4850,275,273
4851,4860,263,263
4861,4870,541,537
4871,4880,592,592
4881,4890,315,315
4891,4900,313,313
4901,4910,367,367
4911,4920,349,348
4921,4930,685,685
4931,4940,721,716
4941,4950,264,264
4951,4960,253,253
4961,4970,481,481
4971,4980,396,396
4981,4990,580,580
4991,5000,423,423
5001,5010,561,561
5011,5020,311,311
5021,5030,385,385
5031,5040,239,239
5041,5050,345,345
5051,5060,279,279
5061,5070,266,266
5071,5080,226,226
5081,5090,432,432
5091,5100,348,348
5101,5110,214,214
5111,5120,578,578
5121,5130,189,189
5131,5140,367,367
5141,5150,184,184
5151,5160,269,269
5161,5170,371,371
5171,5180,194,194
5181,5190,244,244
5191,5200,409,407
5201,5210,242,241
5211,5220,389,389
5221,5230,234,234
5231,5240,306,306
5241,5250,272,272
5251,5260,399,399
5261,5270,220,218
5271,5280,222,222
5281,5290,376,375
5291,5300,381,381
5301,5310,240,240
5311,5320,212,212
5321,5330,232,232
5331,5340,226,225
5341,5350,274,274
5351,5360,412,412
5361,5370,261,261
5371,5380,244,244
5381,5390,446,446
5391,5400,303,303
5401,5410,541,541
5411,5420,754,753
5421,5430,462,461
5431,5440,667,667
5441,5450,580,580
5451,5460,271,271
5461,5470,416,416
5471,5480,808,808
5481,5490,281,281
5491,5500,465,465
5501,5510,425,425
5511,5520,352,352
5521,5530,451,451
5531,5540,331,331
5541,5550,228,228
5551,5560,252,252
5561,5570,359,359
5571,5580,363,363
5581,5590,277,276
5591,5600,320,320
5601,5610,312,312
5611,5620,532,532
5621,5630,746,745
5631,5640,287,287
5641,5650,534,532
5651,5660,370,370
5661,5670,221,221
5671,5680,251,251
5681,5690,653,652
5691,5700,303,303
5701,5710,683,682
5711,5720,462,462
5721,5730,343,343
5731,5740,298,298
5741,5750,268,267
5751,5760,351,351
5761,5770,223,223
5771,5780,657,656
5781,5790,206,206
5791,5800,160,159
5801,5810,293,293
5811,5820,221,221
5821,5830,223,223
5831,5840,186,186
5841,5850,209,209
5851,5860,217,217
5861,5870,285,285
5871,5880,301,301
5881,5890,643,643
5891,5900,282,282
5901,5910,262,262
5911,5920,180,180
5921,5930,226,226
5931,5940,187,187
5941,5950,253,252
5951,5960,176,176
5961,5970,210,210
5971,5980,232,232
5981,5990,191,191
5991,6000,209,209
6001,6010,209,209
6011,6020,1115,1113
6021,6030,187,187
6031,6040,240,240
6041,6050,3516,2499
6051,6060,939,939
6061,6070,162,162
6071,6080,221,221
6081,6090,173,173
6091,6100,952,952
6101,6110,738,738
6111,6120,662,662
6121,6130,309,309
6131,6140,481,481
6141,6150,428,428
6151,6160,233,233
6161,6170,199,199
6171,6180,150,150
6181,6190,163,163
6191,6200,205,205
6201,6210,163,163
6211,6220,238,238
6221,6230,631,631
6231,6240,210,210
6241,6250,298,298
6251,6260,784,784
6261,6270,1233,1233
6271,6280,684,684
6281,6290,932,932
6291,6300,829,829
6301,6310,736,736
6311,6320,1203,1202
6321,6330,1504,1496
6331,6340,1926,1910
6341,6350,1758,1721
6351,6360,1666,1616
6361,6370,1379,1346
6371,6380,1542,1491
6381,6390,999,958
6391,6400,1554,1530
6401,6410,804,798
6411,6420,662,660
6421,6430,774,772
6431,6440,451,451
6441,6450,464,463
6451,6460,478,476
6461,6470,1074,1074
6471,6480,408,408
6481,6490,638,638
6491,6500,392,392
6501,6510,348,348
6511,6520,487,485
6521,6530,547,547
6531,6540,293,293
6541,6550,375,375
6551,6560,296,296
6561,6570,187,186
6571,6580,268,268
6581,6590,186,186
6591,6600,340,339
6601,6610,348,348
6611,6620,239,239
6621,6630,407,405
6631,6640,530,530
6641,6650,177,177
6651,6660,175,175
6661,6670,233,233
6671,6680,195,195
6681,6690,166,166
6691,6700,179,179
6701,6710,326,326
6711,6720,201,201
6721,6730,278,278
6731,6740,128,128
6741,6750,240,240
6751,6760,881,878
6761,6770,152,152
6771,6780,577,577
6781,6790,141,141
6791,6800,164,164
6801,6810,562,562
6811,6820,310,310
6821,6830,187,187
6831,6840,133,133
6841,6850,155,155
6851,6860,124,124
6861,6870,460,460
6871,6880,371,371
6881,6890,557,557
6891,6900,106,106
6901,6910,420,420
6911,6920,283,283
6921,6930,115,113
6931,6940,95,95
6941,6950,1204,1201
6951,6960,112,112
6961,6970,97,97
6971,6980,128,128
6981,6990,166,166
6991,7000,304,304
7001,7010,170,170
7011,7020,236,236
7021,7030,117,117
7031,7040,166,166
7041,7050,155,155
7051,7060,116,116
7061,7070,102,102
7071,7080,190,189
7081,7090,102,102
7091,7100,114,114
7101,7110,105,105
7111,7120,120,120
7121,7130,94,94
7131,7140,234,234
7141,7150,306,306
7151,7160,135,135
7161,7170,221,221
7171,7180,209,209
7181,7190,140,140
7191,7200,86,86
7201,7210,159,159
7211,7220,243,243
7221,7230,191,191
7231,7240,129,129
7241,7250,124,124
7251,7260,136,136
7261,7270,167,167
7271,7280,167,167
7281,7290,173,173
7291,7300,96,96
7301,7310,182,182
7311,7320,229,229
7321,7330,195,195
7331,7340,151,151
7341,7350,120,120
7351,7360,135,135
7361,7370,199,199
7371,7380,197,197
7381,7390,126,126
7391,7400,150,150
7401,7410,110,110
7411,7420,159,159
7421,7430,364,364
7431,7440,139,138
7441,7450,109,109
7451,7460,187,187
7461,7470,162,162
7471,7480,206,206
7481,7490,215,215
7491,7500,586,586
7501,7510,389,389
7511,7520,299,299
7521,7530,465,465
7531,7540,603,603
7541,7550,491,491
7551,7560,791,789
7561,7570,686,686
7571,7580,726,726
7581,7590,591,591
7591,7600,588,588
7601,7610,509,509
7611,7620,623,623
7621,7630,614,614
7631,7640,563,563
7641,7650,1229,1228
7651,7660,637,637
7661,7670,891,891
7671,7680,748,748
7681,7690,528,528
7691,7700,1212,1211
7701,7710,1024,1022
7711,7720,556,556
7721,7730,880,880
7731,7740,416,416
7741,7750,803,803
7751,7760,693,693
7761,7770,498,498
7771,7780,669,666
7781,7790,566,565
7791,7800,475,475
7801,7810,425,425
7811,7820,869,869
7821,7830,474,474
7831,7840,482,482
7841,7850,523,523
7851,7860,402,402
7861,7870,383,383
7871,7880,385,385
7881,7890,383,383
7891,7900,385,385
7901,7910,290,290
7911,7920,243,243
7921,7930,2403,1995
7931,7940,257,257
7941,7950,398,398
7951,7960,222,222
7961,7970,236,236
7971,7980,248,247
7981,7990,282,282
7991,8000,382,382
8001,8010,391,391
8011,8020,702,700
8021,8030,453,453
8031,8040,286,285
8041,8050,374,374
8051,8060,309,309
8061,8070,550,550
8071,8080,275,275
8081,8090,259,259
8091,8100,1107,1107
8101,8110,274,274
8111,8120,302,302
8121,8130,285,285
8131,8140,356,356
8141,8150,385,385
8151,8160,268,268
8161,8170,292,292
8171,8180,526,526
8181,8190,322,321
8191,8200,343,343
8201,8210,461,461
8211,8220,696,696
8221,8230,303,303
8231,8240,297,297
8241,8250,284,284
8251,8260,289,288
8261,8270,315,314
8271,8280,252,252
8281,8290,281,281
8291,8300,213,213
8301,8310,220,220
8311,8320,199,199
8321,8330,243,243
8331,8340,234,234
8341,8350,328,328
8351,8360,214,214
8361,8370,263,263
8371,8380,365,365
8381,8390,312,312
8391,8400,160,160
8401,8410,199,199
8411,8420,129,129
8421,8430,149,149
8431,8440,123,122
8441,8450,236,234
8451,8460,119,119
8461,8470,162,162
8471,8480,141,141
8481,8490,143,143
8491,8500,81,81
8501,8510,77,77
8511,8520,102,102
8521,8530,105,105
8531,8540,151,151
8541,8550,123,123
8551,8560,98,98
8561,8570,138,138
8571,8580,159,159
8581,8590,192,192
8591,8600,119,119
8601,8610,112,112
8611,8620,98,98
8621,8630,193,193
8631,8640,168,168
8641,8650,180,180
8651,8660,123,123
8661,8670,170,170
8671,8680,146,146
8681,8690,244,244
8691,8700,172,172
8701,8710,105,105
8711,8720,114,114
8721,8730,153,152
8731,8740,363,363
8741,8750,366,366
8751,8760,148,148
8761,8770,123,123
8771,8780,191,191
8781,8790,317,317
8791,8800,190,190
8801,8810,207,207
8811,8820,210,210
8821,8830,931,931
8831,8840,235,235
8841,8850,277,277
8851,8860,85,84
8861,8870,129,129
8871,8880,385,384
8881,8890,113,113
8891,8900,313,312
8901,8910,94,94
8911,8920,139,139
8921,8930,277,275
8931,8940,159,159
8941,8950,100,100
8951,8960,137,137
8961,8970,97,97
8971,8980,134,134
8981,8990,111,111
8991,9000,102,102
9001,9010,100,100
9011,9020,113,113
9021,9030,179,179
9031,9040,71,70
9041,9050,127,127
9051,9060,147,147
9061,9070,361,361
9071,9080,1918,1918
9081,9090,153,153
9091,9100,75,75
9101,9110,346,346
9111,9120,588,588
9121,9130,98,98
9131,9140,167,167
9141,9150,130,130
9151,9160,193,193
9161,9170,122,122
9171,9180,817,817
9181,9190,280,280
9191,9200,155,155
9201,9210,189,189
9211,9220,304,304
9221,9230,222,222
9231,9240,66,66
9241,9250,211,211
9251,9260,130,130
9261,9270,1079,1079
9271,9280,153,153
9281,9290,173,173
9291,9300,172,172
9301,9310,164,164
9311,9320,233,233
9321,9330,97,97
9331,9340,110,110
9341,9350,91,91
9351,9360,219,219
9361,9370,78,78
9371,9380,126,126
9381,9390,91,91
9391,9400,139,139
9401,9410,63,63
9411,9420,121,121
9421,9430,52,52
9431,9440,190,190
9441,9450,110,110
9451,9460,106,106
9461,9470,97,96
9471,9480,84,84
9481,9490,71,71
9491,9500,98,98
9501,9510,134,134
9511,9520,55,55
9521,9530,65,65
9531,9540,48,48
9541,9550,1230,1230
9551,9560,46,46
9561,9570,142,142
9571,9580,55,55
9581,9590,52,52
9591,9600,81,81
9601,9610,113,113
9611,9620,244,244
9621,9630,77,77
9631,9640,44,44
9641,9650,295,295
9651,9660,54,54
9661,9670,46,46
9671,9680,140,139
9681,9690,59,59
9691,9700,42,42
9701,9710,56,56
9711,9720,46,46
9721,9730,150,150
9731,9740,82,82
9741,9750,48,48
9751,9760,44,44
9761,9770,79,79
9771,9780,57,57
9781,9790,186,186
9791,9800,226,226
9801,9810,358,358
9811,9820,67,67
9821,9830,129,129
9831,9840,120,120
9841,9850,91,91
9851,9860,77,77
9861,9870,144,144
9871,9880,28,28
9881,9890,169,169
9891,9900,56,56
9901,9910,114,114
9911,9920,56,56
9921,9930,191,191
9931,9940,107,107
9941,9950,138,138
9951,9960,47,47
9961,9970,82,81
9971,9980,449,449
9981,9990,69,69
9991,10000,827,827
10001,10010,41,41
10011,10020,334,334
10021,10030,778,778
10031,10040,682,682
10041,10050,63,63
10051,10060,56,56
10061,10070,36,36
10071,10080,44,44
10081,10090,34,34
10091,10100,34,34
10101,10110,52,52
10111,10120,67,67
10121,10130,25,25
10131,10140,75,75
10141,10150,83,83
10151,10160,76,76
10161,10170,72,72
10171,10180,81,81
10181,10190,51,51
10191,10200,52,52
10201,10210,44,44
10211,10220,44,44
10221,10230,417,417
10231,10240,138,138
10241,10250,48,48
10251,10260,72,71
10261,10270,72,72
10271,10280,97,97
10281,10290,40,40
10291,10300,37,37
10301,10310,22,22
10311,10320,41,41
10321,10330,54,54
10331,10340,104,104
10341,10350,74,74
10351,10360,260,260
10361,10370,142,142
10371,10380,172,172
10381,10390,1169,1169
10391,10400,45,45
10401,10410,71,71
10411,10420,32,32
10421,10430,89,89
10431,10440,32,32
10441,10450,43,43
10451,10460,79,79
10461,10470,119,119
10471,10480,83,83
10481,10490,227,227
10491,10500,62,62
10501,10510,84,84
10511,10520,66,66
10521,10530,60,60
10531,10540,205,205
10541,10550,31,31
10551,10560,61,61
10561,10570,89,89
10571,10580,80,80
10581,10590,453,452
10591,10600,167,167
10601,10610,142,142
10611,10620,122,122
10621,10630,29,29
10631,10640,72,72
10641,10650,96,96
10651,10660,125,125
10661,10670,66,66
10671,10680,58,58
10681,10690,179,179
10691,10700,91,91
10701,10710,38,38
10711,10720,121,121
10721,10730,31,31
10731,10740,77,77
10741,10750,39,39
10751,10760,93,93
10761,10770,43,43
10771,10780,25,25
10781,10790,165,165
10791,10800,83,83
10801,10810,51,51
10811,10820,36,36
10821,10830,48,48
10831,10840,46,46
10841,10850,70,70
10851,10860,31,31
10861,10870,21,21
10871,10880,45,45
10881,10890,23,23
10891,10900,27,27
10901,10910,44,44
10911,10920,79,79
10921,10930,155,155
10931,10940,49,49
10941,10950,75,75
10951,10960,55,55
10961,10970,87,87
10971,10980,53,53
10981,10990,50,50
10991,11000,340,340
11001,11010,42,42
11011,11020,60,60
11021,11030,56,56
11031,11040,32,32
11041,11050,56,56
11051,11060,51,51
11061,11070,37,37
11071,11080,22,22
11081,11090,42,42
11091,11100,44,44
11101,11110,31,31
11111,11120,28,28
11121,11130,31,31
11131,11140,114,114
11141,11150,229,229
11151,11160,49,49
11161,11170,100,100
11171,11180,115,115
11181,11190,52,52
11191,11200,34,34
11201,11210,35,35
11211,11220,30,30
11221,11230,54,54
11231,11240,78,78
11241,11250,72,72
11251,11260,42,42
11261,11270,31,31
11271,11280,44,43
11281,11290,27,27
11291,11300,54,54
11301,11310,16,16
11311,11320,101,101
11321,11330,14,14
11331,11340,67,67
11341,11350,17,17
11351,11360,274,274
11361,11370,13,13
11371,11380,18,18
11381,11390,38,38
11391,11400,55,55
11401,11410,39,39
11411,11420,91,91
11421,11430,53,53
11431,11440,38,38
11441,11450,71,71
11451,11460,30,30
11461,11470,29,29
11471,11480,25,25
11481,11490,1337,1337
11491,11500,29,29
11501,11510,293,293
11511,11520,41,41
11521,11530,62,62
11531,11540,20,20
11541,11550,31,31
11551,11560,40,40
11561,11570,37,37
11571,11580,77,77
11581,11590,47,47
11591,11600,38,38
11601,11610,50,50
11611,11620,64,64
11621,11630,71,71
11631,11640,37,37
11641,11650,43,43
11651,11660,46,46
11661,11670,36,36
11671,11680,1147,1147
11681,11690,95,95
11691,11700,102,102
11701,11710,105,105
11711,11720,197,197
11721,11730,66,66
11731,11740,77,77
11741,11750,87,87
11751,11760,63,63
11761,11770,104,104
11771,11780,37,37
11781,11790,80,80
11791,11800,51,51
11801,11810,47,47
11811,11820,73,73
11821,11830,41,41
11831,11840,23,23
11841,11850,28,28
11851,11860,16,16
11861,11870,34,34
11871,11880,80,80
11881,11890,31,31
11891,11900,103,101
11901,11910,31,31
11911,11920,87,87
11921,11930,20,20
11931,11940,49,49
11941,11950,26,26
11951,11960,41,41
11961,11970,17,17
11971,11980,34,34
11981,11990,105,105
11991,12000,99,99
12001,12010,44,44
12011,12020,22,22
12021,12030,225,225
12031,12040,25,25
12041,12050,32,32
12051,12060,31,31
12061,12070,100,100
12071,12080,40,40
12081,12090,38,38
12091,12100,35,35
12101,12110,20,20
12111,12120,142,142
12121,12130,34,34
12131,12140,38,38
12141,12150,30,30
12151,12160,23,23
12161,12170,30,30
12171,12180,79,79
12181,12190,29,29
12191,12200,35,35
12201,12210,49,49
12211,12220,90,90
12221,12230,94,93
12231,12240,37,37
12241,12250,405,405
12251,12260,69,69
12261,12270,27,27
12271,12280,37,37
12281,12290,157,157
12291,12300,140,140
12301,12310,62,62
12311,12320,38,38
12321,12330,234,234
12331,12340,29,29
12341,12350,38,38
12351,12360,36,36
12361,12370,47,47
12371,12380,39,39
12381,12390,14,14
12391,12400,26,26
12401,12410,41,41
12411,12420,54,54
12421,12430,67,67
12431,12440,29,29
12441,12450,46,46
12451,12460,28,28
12461,12470,38,38
12471,12480,25,25
12481,12490,37,37
12491,12500,22,22
12501,12510,25,25
12511,12520,17,17
12521,12530,42,42
12531,12540,20,20
12541,12550,14,14
12551,12560,161,161
12561,12570,29,29
12571,12580,61,61
12581,12590,34,34
12591,12600,24,24
12601,12610,18,18
12611,12620,30,30
12621,12630,36,36
12631,12640,55,55
12641,12650,29,29
12651,12660,19,19
12661,12670,82,81
12671,12680,60,60
12681,12690,58,58
12691,12700,28,28
12701,12710,37,37
12711,12720,32,32
12721,12730,87,87
12731,12740,37,37
12741,12750,171,171
12751,12760,42,42
12761,12770,49,49
12771,12780,43,43
12781,12790,36,36
12791,12800,30,30
12801,12810,133,133
12811,12820,29,29
12821,12830,142,142
12831,12840,29,29
12841,12850,28,28
12851,12860,37,37
12861,12870,28,28
12871,12880,46,46
12881,12890,40,40
12891,12900,61,61
12901,12910,20,20
12911,12920,62,62
12921,12930,45,45
12931,12940,157,157
12941,12950,32,32
12951,12960,28,28
12961,12970,16,16
12971,12980,116,116
12981,12990,16,16
12991,13000,37,37
13001,13010,19,19
13011,13020,14,14
13021,13030,49,49
13031,13040,23,23
13041,13050,70,70
13051,13060,94,94
13061,13070,35,35
13071,13080,50,50
13081,13090,190,190
13091,13100,38,38
13101,13110,179,179
13111,13120,23,23
13121,13130,80,80
13131,13140,15,15
13141,13150,59,59
13151,13160,202,202
13161,13170,28,28
13171,13180,82,82
13181,13190,24,24
13191,13200,30,30
13201,13210,45,45
13211,13220,26,26
13221,13230,28,28
13231,13240,35,35
13241,13250,62,62
13251,13260,30,30
13261,13270,71,71
13271,13280,230,230
13281,13290,18,18
13291,13300,23,23
13301,13310,18,18
13311,13320,39,39
13321,13330,246,245
13331,13340,31,31
13341,13350,25,25
13351,13360,39,39
13361,13370,92,92
13371,13380,23,23
13381,13390,44,44
13391,13400,26,26
13401,13410,57,57
13411,13420,63,63
13421,13430,103,103
13431,13440,132,132
13441,13450,111,111
13451,13460,27,27
13461,13470,18,18
13471,13480,47,47
13481,13490,58,58
13491,13500,24,24
13501,13510,17,17
13511,13520,23,23
13521,13530,38,38
13531,13540,75,75
13541,13550,36,36
13551,13560,21,21
13561,13570,16,16
13571,13580,14,14
13581,13590,25,25
13591,13600,11,11
13601,13610,29,29
13611,13620,30,30
13621,13630,35,35
13631,13640,30,30
13641,13650,22,22
13651,13660,30,30
13661,13670,27,27
13671,13680,30,30
13681,13690,31,31
13691,13700,65,65
13701,13710,57,57
13711,13720,36,36
13721,13730,75,75
13731,13740,14,14
13741,13750,14,14
13751,13760,56,56
13761,13770,19,19
13771,13780,32,32
13781,13790,73,73
13791,13800,33,33
13801,13810,24,24
13811,13820,31,31
13821,13830,34,34
13831,13840,38,38
13841,13850,11,11
13851,13860,110,110
13861,13870,45,45
13871,13880,40,40
13881,13890,47,47
13891,13900,28,28
13901,13910,25,25
13911,13920,35,35
13921,13930,30,30
13931,13940,12,12
13941,13950,36,36
13951,13960,49,49
13961,13970,20,20
13971,13980,125,125
13981,13990,58,58
13991,14000,70,70
14001,14010,19,19
14011,14020,23,23
14021,14030,88,88
14031,14040,55,55
14041,14050,396,395
14051,14060,40,40
14061,14070,75,75
14071,14080,88,88
14081,14090,160,160
14091,14100,18,18
14101,14110,33,33
14111,14120,20,20
14121,14130,177,177
14131,14140,22,22
14141,14150,69,69
14151,14160,43,43
14161,14170,93,93
14171,14180,26,26
14181,14190,24,24
14191,14200,12,12
14201,14210,44,44
14211,14220,30,30
14221,14230,42,42
14231,14240,31,31
14241,14250,49,49
14251,14260,18,18
14261,14270,142,142
14271,14280,297,297
14281,14290,34,34
14291,14300,70,70
14301,14310,54,54
14311,14320,12,12
14321,14330,46,46
14331,14340,187,187
14341,14350,24,24
14351,14360,36,36
14361,14370,53,53
14371,14380,25,25
14381,14390,72,72
14391,14400,34,34
14401,14410,60,60
14411,14420,73,73
14421,14430,41,40
14431,14440,104,104
14441,14450,22,22
14451,14460,21,21
14461,14470,18,18
14471,14480,43,43
14481,14490,45,45
14491,14500,128,128
14501,14510,65,65
14511,14520,30,30
14521,14530,72,71
14531,14540,36,36
14541,14550,12,12
14551,14560,33,33
14561,14570,13,13
14571,14580,89,89
14581,14590,21,21
14591,14600,130,130
14601,14610,17,17
14611,14620,45,45
14621,14630,46,46
14631,14640,9,9
14641,14650,98,98
14651,14660,55,55
14661,14670,434,434
14671,14680,123,123
14681,14690,17,17
14691,14700,44,44
14701,14710,30,30
14711,14720,43,43
14721,14730,111,111
14731,14740,182,182
14741,14750,15,15
14751,14760,130,130
14761,14770,154,154
14771,14780,50,50
14781,14790,54,54
14791,14800,147,147
14801,14810,78,78
14811,14820,62,62
14821,14830,42,42
14831,14840,26,26
14841,14850,90,90
14851,14860,125,125
14861,14870,45,45
14871,14880,19,19
14881,14890,43,43
14891,14900,43,43
14901,14910,50,50
14911,14920,52,52
14921,14930,81,81
14931,14940,20,20
14941,14950,14,14
14951,14960,18,18
14961,14970,69,69
14971,14980,8,8
14981,14990,81,81
14991,15000,54,54
15001,15010,47,46
15011,15020,19,19
15021,15030,17,17
15031,15040,34,34
15041,15050,27,27
15051,15060,20,20
15061,15070,19,19
15071,15080,16,16
15081,15090,22,22
15091,15100,62,62
15101,15110,52,52
15111,15120,29,29
15121,15130,17,17
15131,15140,25,25
15141,15150,44,44
15151,15160,25,25
15161,15170,17,17
15171,15180,28,28
15181,15190,25,25
15191,15200,23,23
15201,15210,13,13
15211,15220,24,24
15221,15230,32,32
15231,15240,13,13
15241,15250,25,25
15251,15260,26,26
15261,15270,18,18
15271,15280,29,29
15281,15290,44,44
15291,15300,40,40
15301,15310,34,34
15311,15320,24,24
15321,15330,33,33
15331,15340,17,17
15341,15350,21,21
15351,15360,24,24
15361,15370,42,42
15371,15380,36,36
15381,15390,31,31
15391,15400,71,71
15401,15410,18,18
15411,15420,13,13
15421,15430,21,21
15431,15440,107,107
15441,15450,31,31
15451,15460,16,16
15461,15470,16,16
15471,15480,95,95
15481,15490,30,30
15491,15500,21,21
15501,15510,13,13
15511,15520,21,21
15521,15530,17,17
15531,15540,22,22
15541,15550,15,15
15551,15560,5,5
15561,15570,16,16
15571,15580,13,13
15581,15590,15,15
15591,15600,18,18
15601,15610,10,10
15611,15620,11,11
15621,15630,93,93
15631,15640,27,27
15641,15650,65,65
15651,15660,24,24
15661,15670,18,18
15671,15680,27,27
15681,15690,49,49
15691,15700,14,14
15701,15710,15,15
15711,15720,11,11
15721,15730,16,16
15731,15740,27,27
15741,15750,30,30
15751,15760,34,34
15761,15770,12,12
15771,15780,50,50
15781,15790,18,18
15791,15800,39,39
15801,15810,17,17
15811,15820,5,5
15821,15830,50,50
15831,15840,58,58
15841,15850,13,13
15851,15860,13,13
15861,15870,15,15
15871,15880,333,333
15881,15890,14,14
15891,15900,11,11
15901,15910,93,93
15911,15920,51,51
15921,15930,22,22
15931,15940,29,29
15941,15950,15,15
15951,15960,58,58
15961,15970,12,12
15971,15980,7,7
15981,15990,26,26
15991,16000,25,25
16001,16010,23,23
16011,16020,14,14
16021,16030,31,31
16031,16040,82,82
16041,16050,13,13
16051,16060,26,26
16061,16070,76,76
16071,16080,33,33
16081,16090,23,23
16091,16100,16,16
16101,16110,13,13
16111,16120,18,18
16121,16130,13,13
16131,16140,18,18
16141,16150,28,28
16151,16160,26,26
16161,16170,15,15
16171,16180,16,16
16181,16190,16,16
16191,16200,169,169
16201,16210,28,28
16211,16220,58,58
16221,16230,21,21
16231,16240,12,12
16241,16250,70,70
16251,16260,12,12
16261,16270,43,43
16271,16280,8,8
16281,16290,35,35
16291,16300,49,49
16301,16310,21,21
16311,16320,14,14
16321,16330,13,13
16331,16340,26,26
16341,16350,10,10
16351,16360,15,15
16361,16370,73,73
16371,16380,18,18
16381,16390,16,16
16391,16400,7,7
16401,16410,11,11
16411,16420,89,89
16421,16430,11,11
16431,16440,34,34
16441,16450,49,49
16451,16460,17,17
16461,16470,12,12
16471,16480,17,17
16481,16490,22,22
16491,16500,8,8
16501,16510,9,9
16511,16520,9,9
16521,16530,8,8
16531,16540,13,13
16541,16550,16,16
16551,16560,53,53
16561,16570,10,10
16571,16580,15,15
16581,16590,10,10
16591,16600,9,9
16601,16610,13,13
16611,16620,21,21
16621,16630,8,8
16631,16640,10,10
16641,16650,60,60
16651,16660,14,14
16661,16670,12,12
16671,16680,15,15
16681,16690,11,11
16691,16700,29,29
16701,16710,15,15
16711,16720,13,13
16721,16730,13,13
16731,16740,14,14
16741,16750,8,8
16751,16760,18,18
16761,16770,25,25
16771,16780,11,11
16781,16790,18,18
16791,16800,16,16
16801,16810,16,16
16811,16820,16,16
16821,16830,11,11
16831,16840,21,21
16841,16850,57,57
16851,16860,78,78
16861,16870,19,19
16871,16880,15,15
16881,16890,26,26
16891,16900,11,11
16901,16910,34,34
16911,16920,12,12
16921,16930,19,19
16931,16940,16,16
16941,16950,23,23
16951,16960,28,28
16961,16970,7,7
16971,16980,13,13
16981,16990,8,8
16991,17000,32,32
17001,17010,50,50
17011,17020,16,16
17021,17030,13,13
17031,17040,22,22
17041,17050,13,13
17051,17060,18,18
17061,17070,9,9
17071,17080,15,15
17081,17090,41,41
17091,17100,23,23
17101,17110,6,6
17111,17120,11,11
17121,17130,9,9
17131,17140,11,11
17141,17150,26,26
17151,17160,18,18
17161,17170,16,16
17171,17180,23,23
17181,17190,19,19
17191,17200,17,17
17201,17210,43,43
17211,17220,29,29
17221,17230,4,4
17231,17240,10,10
17241,17250,26,26
17251,17260,10,10
17261,17270,9,9
17271,17280,22,22
17281,17290,77,77
17291,17300,159,159
17301,17310,22,22
17311,17320,12,12
17321,17330,17,17
17331,17340,16,16
17341,17350,11,11
17351,17360,18,18
17361,17370,68,68
17371,17380,15,15
17381,17390,15,15
17391,17400,50,50
17401,17410,13,13
17411,17420,7,7
17421,17430,4,4
17431,17440,90,90
17441,17450,53,53
17451,17460,19,19
17461,17470,13,13
17471,17480,15,15
17481,17490,24,24
17491,17500,12,12
17501,17510,9,9
17511,17520,19,19
17521,17530,18,18
17531,17540,11,11
17541,17550,17,17
17551,17560,20,20
17561,17570,15,15
17571,17580,103,103
17581,17590,16,16
17591,17600,10,10
17601,17610,12,12
17611,17620,70,70
17621,17630,22,22
17631,17640,37,37
17641,17650,42,42
17651,17660,23,23
17661,17670,8,8
17671,17680,21,21
17681,17690,2,2
17691,17700,5,5
17701,17710,9,9
17711,17720,20,20
17721,17730,10,10
17731,17740,38,38
17741,17750,9,9
17751,17760,14,14
17761,17770,42,42
17771,17780,37,37
17781,17790,78,78
17791,17800,8,8
17801,17810,11,11
17811,17820,41,41
17821,17830,22,22
17831,17840,40,40
17841,17850,13,13
17851,17860,13,13
17861,17870,9,9
17871,17880,11,11
17881,17890,8,8
17891,17900,22,22
17901,17910,17,17
17911,17920,103,103
17921,17930,207,207
17931,17940,66,66
17941,17950,10,10
17951,17960,13,13
17961,17970,16,16
17971,17980,19,19
17981,17990,9,9
17991,18000,162,162
18001,18010,29,29
18011,18020,22,22
18021,18030,53,53
18031,18040,16,16
18041,18050,56,56
18051,18060,63,63
18061,18070,41,41
18071,18080,34,34
18081,18090,37,37
18091,18100,12,12
18101,18110,14,14
18111,18120,44,44
18121,18130,13,13
18131,18140,14,14
18141,18150,14,14
18151,18160,11,11
18161,18170,46,46
18171,18180,16,16
18181,18190,1323,1323
18191,18200,257,257
18201,18210,5,5
18211,18220,16,16
18221,18230,7,7
18231,18240,8,8
18241,18250,118,118
18251,18260,3,3
18261,18270,19,19
18271,18280,6,6
18281,18290,7,7
18291,18300,4,4
18301,18310,40,40
18311,18320,32,32
18321,18330,118,118
18331,18340,11,11
18341,18350,7,7
18351,18360,10,10
18361,18370,40,40
18371,18380,8,8
18381,18390,13,13
18391,18400,11,11
18401,18410,11,11
18411,18420,11,11
18421,18430,31,31
18431,18440,19,19
18441,18450,15,15
18451,18460,15,15
18461,18470,17,17
18471,18480,24,24
18481,18490,23,23
18491,18500,13,13
18501,18510,55,55
18511,18520,15,15
18521,18530,132,132
18531,18540,33,33
18541,18550,34,34
18551,18560,7,7
18561,18570,13,13
18571,18580,28,28
18581,18590,19,19
18591,18600,3,3
18601,18610,28,28
18611,18620,22,22
18621,18630,21,21
18631,18640,131,131
18641,18650,85,85
18651,18660,13,13
18661,18670,8,8
18671,18680,17,17
18681,18690,7,7
18691,18700,12,12
18701,18710,133,133
18711,18720,26,26
18721,18730,13,13
18731,18740,17,17
18741,18750,11,11
18751,18760,10,10
18761,18770,27,27
18771,18780,70,70
18781,18790,10,10
18791,18800,8,8
18801,18810,9,9
18811,18820,38,38
18821,18830,19,19
18831,18840,20,20
18841,18850,14,14
18851,18860,12,12
18861,18870,30,30
18871,18880,13,13
18881,18890,28,28
18891,18900,14,14
18901,18910,11,11
18911,18920,14,14
18921,18930,16,16
18931,18940,15,15
18941,18950,4,4
18951,18960,19,19
18961,18970,10,10
18971,18980,18,18
18981,18990,8,8
18991,19000,13,13
19001,19010,43,43
19011,19020,23,23
19021,19030,20,20
19031,19040,15,15
19041,19050,18,18
19051,19060,16,16
19061,19070,16,16
19071,19080,8,8
19081,19090,24,24
19091,19100,125,125
19101,19110,29,29
19111,19120,253,253
19121,19130,12,12
19131,19140,11,11
19141,19150,195,195
19151,19160,13,13
19161,19170,107,107
19171,19180,14,14
19181,19190,158,158
19191,19200,7,7
19201,19210,5,5
19211,19220,13,13
19221,19230,23,23
19231,19240,633,632
19241,19250,42,42
19251,19260,24,24
19261,19270,15,15
19271,19280,118,118
19281,19290,10,10
19291,19300,47,47
19301,19310,22,22
19311,19320,60,60
19321,19330,40,40
19331,19340,6,6
19341,19350,11,11
19351,19360,38,38
19361,19370,47,47
19371,19380,24,24
19381,19390,6,6
19391,19400,13,13
19401,19410,16,16
19411,19420,12,12
19421,19430,34,34
19431,19440,10,10
19441,19450,15,15
19451,19460,13,13
19461,19470,35,35
19471,19480,42,42
19481,19490,10,10
19491,19500,39,39
19501,19510,17,17
19511,19520,18,18
19521,19530,16,16
19531,19540,8,8
19541,19550,39,39
19551,19560,72,72
19561,19570,37,37
19571,19580,9,9
19581,19590,17,17
19591,19600,14,14
19601,19610,28,28
19611,19620,17,17
19621,19630,12,12
19631,19640,21,21
19641,19650,8,8
19651,19660,8,8
19661,19670,31,31
19671,19680,18,18
19681,19690,7,7
19691,19700,5,5
19701,19710,21,21
19711,19720,4,4
19721,19730,5,5
19731,19740,8,8
19741,19750,14,14
19751,19760,7,7
19761,19770,237,237
19771,19780,87,87
19781,19790,14,14
19791,19800,121,121
19801,19810,2595,2125
19811,19820,199,199
19821,19830,101,101
19831,19840,33,33
19841,19850,145,145
19851,19860,32,32
19861,19870,43,43
19871,19880,234,234
19881,19890,37,37
19891,19900,70,70
19901,19910,17,17
19911,19920,14,14
19921,19930,4,4
19931,19940,22,22
19941,19950,140,140
19951,19960,10,10
19961,19970,151,151
19971,19980,30,30
19981,19990,925,924
19991,20000,13,13
20001,20010,43,43
20011,20020,28,28
20021,20030,19,19
20031,20040,9,9
20041,20050,29,29
20051,20060,3,3
20061,20070,5,5
20071,20080,10,10
20081,20090,128,128
20091,20100,10,10
20101,20110,8,8
20111,20120,12,12
20121,20130,16,16
20131,20140,12,12
20141,20150,7,7
20151,20160,15,15
20161,20170,11,11
20171,20180,8,8
20181,20190,11,11
20191,20200,97,97
20201,20210,24,24
20211,20220,11,11
20221,20230,18,18
20231,20240,32,32
20241,20250,17,17
20251,20260,1719,1719
20261,20270,32,32
20271,20280,21,21
20281,20290,9,9
20291,20300,14,14
20301,20310,70,70
20311,20320,10,10
20321,20330,57,57
20331,20340,11,11
20341,20350,11,11
20351,20360,17,17
20361,20370,14,14
20371,20380,4,4
20381,20390,13,13
20391,20400,43,43
20401,20410,6,6
20411,20420,12,12
20421,20430,11,11
20431,20440,17,17
20441,20450,17,17
20451,20460,34,34
20461,20470,31,31
20471,20480,25,25
20481,20490,13,13
20491,20500,12,12
20501,20510,8,8
20511,20520,139,139
20521,20530,32,32
20531,20540,23,23
20541,20550,19,19
20551,20560,57,57
20561,20570,10,10
20571,20580,56,56
20581,20590,24,24
20591,20600,11,11
20601,20610,72,72
20611,20620,107,107
20621,20630,77,77
20631,20640,10,10
20641,20650,18,18
20651,20660,20,20
20661,20670,10,10
20671,20680,19,19
20681,20690,204,204
20691,20700,22,22
20701,20710,34,34
20711,20720,39,39
20721,20730,17,17
20731,20740,12,12
20741,20750,39,39
20751,20760,323,323
20761,20770,9,9
20771,20780,18,18
20781,20790,22,22
20791,20800,19,19
20801,20810,26,26
20811,20820,118,118
20821,20830,24,24
20831,20840,9,9
20841,20850,25,25
20851,20860,60,60
20861,20870,12,12
20871,20880,27,27
20881,20890,203,203
20891,20900,8,8
20901,20910,18,18
20911,20920,31,31
20921,20930,9,9
20931,20940,8,8
20941,20950,15,15
20951,20960,12,12
20961,20970,11,11
20971,20980,30,30
20981,20990,6,6
20991,21000,11,11
21001,21010,88,88
21011,21020,29,29
21021,21030,23,23
21031,21040,26,26
21041,21050,42,42
21051,21060,44,44
21061,21070,38,38
21071,21080,10,10
21081,21090,23,23
21091,21100,12,12
21101,21110,31,31
21111,21120,21,21
21121,21130,23,23
21131,21140,15,15
21141,21150,95,95
21151,21160,67,67
21161,21170,20,20
21171,21180,21,21
21181,21190,70,70
21191,21200,19,19
21201,21210,46,46
21211,21220,8,8
21221,21230,57,57
21231,21240,31,31
21241,21250,58,58
21251,21260,20,20
21261,21270,39,39
21271,21280,12,12
21281,21290,35,35
21291,21300,16,16
21301,21310,26,26
21311,21320,11,11
21321,21330,42,42
21331,21340,18,17
21341,21350,24,24
21351,21360,8,8
21361,21370,214,214
21371,21380,16,16
21381,21390,17,17
21391,21400,766,765
21401,21410,18,18
21411,21420,35,35
21421,21430,22,22
21431,21440,15,15
21441,21450,9,9
21451,21460,26,26
21461,21470,93,93
21471,21480,106,106
21481,21490,7,7
21491,21500,17,17
21501,21510,6,6
21511,21520,8,8
21521,21530,24,24
21531,21540,24,24
21541,21550,27,27
21551,21560,41,41
21561,21570,11,11
21571,21580,10,10
21581,21590,16,16
21591,21600,31,31
21601,21610,14,14
21611,21620,23,23
21621,21630,33,33
21631,21640,115,115
21641,21650,15,15
21651,21660,33,33
21661,21670,13,13
21671,21680,12,12
21681,21690,46,46
21691,21700,42,42
21701,21710,343,343
21711,21720,35,35
21721,21730,33,33
21731,21740,57,57
21741,21750,27,27
21751,21760,81,80
21761,21770,48,48
21771,21780,20,20
21781,21790,31,31
21791,21800,119,119
21801,21810,21,21
21811,21820,22,22
21821,21830,39,39
21831,21840,22,22
21841,21850,40,40
21851,21860,21,21
21861,21870,34,34
21871,21880,19,19
21881,21890,12,12
21891,21900,26,26
21901,21910,38,38
21911,21920,13,13
21921,21930,10,10
21931,21940,21,21
21941,21950,20,20
21951,21960,34,34
21961,21970,18,18
21971,21980,28,28
21981,21990,7,7
21991,22000,7,7
22001,22010,15,15
22011,22020,19,19
22021,22030,33,33
22031,22040,17,17
22041,22050,12,12
22051,22060,26,26
22061,22070,20,20
22071,22080,16,16
22081,22090,15,15
22091,22100,79,79
22101,22110,26,26
22111,22120,13,13
22121,22130,18,18
22131,22140,38,38
22141,22150,29,29
22151,22160,21,21
22161,22170,62,62
22171,22180,13,13
22181,22190,14,14
22191,22200,26,26
22201,22210,26,26
22211,22220,23,23
22221,22230,22,22
22231,22240,14,14
22241,22250,31,31
22251,22260,36,36
22261,22270,15,15
22271,22280,15,15
22281,22290,53,53
22291,22300,18,18
22301,22310,35,35
22311,22320,21,21
22321,22330,13,13
22331,22340,9,9
22341,22350,47,47
22351,22360,8,8
22361,22370,9,9
22371,22380,24,24
22381,22390,21,21
22391,22400,17,17
22401,22410,40,40
22411,22420,12,12
22421,22430,12,12
22431,22440,10,10
22441,22450,16,16
22451,22460,54,54
22461,22470,11,11
22471,22480,19,19
22481,22490,26,26
22491,22500,18,18
22501,22510,14,14
22511,22520,38,38
22521,22530,56,56
22531,22540,11,11
22541,22550,16,16
22551,22560,8,8
22561,22570,14,14
22571,22580,10,10
22581,22590,14,14
22591,22600,8,8
22601,22610,19,19
22611,22620,14,14
22621,22630,9,9
22631,22640,21,21
22641,22650,16,16
22651,22660,25,25
22661,22670,28,28
22671,22680,210,210
22681,22690,17,17
22691,22700,13,13
22701,22710,123,123
22711,22720,17,17
22721,22730,21,21
22731,22740,11,11
22741,22750,19,19
22751,22760,13,13
22761,22770,44,44
22771,22780,12,12
22781,22790,8,8
22791,22800,15,15
22801,22810,13,13
22811,22820,33,33
22821,22830,6,6
22831,22840,9,9
22841,22850,15,15
22851,22860,13,13
22861,22870,44,44
22871,22880,15,15
22881,22890,123,123
22891,22900,11,11
22901,22910,14,14
22911,22920,16,16
22921,22930,15,15
22931,22940,11,11
22941,22950,8,8
22951,22960,14,14
22961,22970,84,84
22971,22980,13,13
22981,22990,26,26
22991,23000,18,18
23001,23010,713,713
23011,23020,68,68
23021,23030,192,192
23031,23040,101,101
23041,23050,255,255
23051,23060,5,5
23061,23070,12,12
23071,23080,212,212
23081,23090,12,12
23091,23100,21,21
23101,23110,11,11
23111,23120,293,293
23121,23130,1101,1101
23131,23140,12,12
23141,23150,722,722
23151,23160,10,10
23161,23170,173,173
23171,23180,8,8
23181,23190,48,48
23191,23200,14,14
23201,23210,12,12
23211,23220,16,16
23221,23230,16,16
23231,23240,63,63
23241,23250,441,441
23251,23260,14,14
23261,23270,20,20
23271,23280,26,26
23281,23290,7,7
23291,23300,46,46
23301,23310,6,6
23311,23320,9,9
23321,23330,18,18
23331,23340,12,12
23341,23350,11,11
23351,23360,19,19
23361,23370,52,52
23371,23380,4,4
23381,23390,18,18
23391,23400,221,221
23401,23410,22,22
23411,23420,83,83
23421,23430,20,20
23431,23440,1155,1154
23441,23450,13,13
23451,23460,9,9
23461,23470,16,16
23471,23480,8,8
23481,23490,18,18
23491,23500,28,28
23501,23510,79,79
23511,23520,10,10
23521,23530,14,14
23531,23540,25,25
23541,23550,26,26
23551,23560,19,19
23561,23570,24,24
23571,23580,11,11
23581,23590,9,9
23591,23600,12,12
23601,23610,6,6
23611,23620,26,26
23621,23630,127,127
23631,23640,62,62
23641,23650,14,14
23651,23660,32,32
23661,23670,15,15
23671,23680,12,12
23681,23690,7,7
23691,23700,12,12
23701,23710,11,11
23711,23720,11,11
23721,23730,13,13
23731,23740,54,54
23741,23750,20,20
23751,23760,22,22
23761,23770,9,9
23771,23780,13,13
23781,23790,8,8
23791,23800,11,11
23801,23810,14,14
23811,23820,5,5
23821,23830,14,14
23831,23840,19,19
23841,23850,12,12
23851,23860,9,9
23861,23870,40,40
23871,23880,7,7
23881,23890,10,10
23891,23900,12,12
23901,23910,121,121
23911,23920,15,15
23921,23930,26,26
23931,23940,49,49
23941,23950,56,56
23951,23960,14,14
23961,23970,25,25
23971,23980,11,11
23981,23990,10,10
23991,24000,20,20
24001,24010,14,14
24011,24020,126,126
24021,24030,14,14
24031,24040,26,26
24041,24050,16,16
24051,24060,23,23
24061,24070,54,54
24071,24080,48,48
24081,24090,79,79
24091,24100,14,14
24101,24110,43,43
24111,24120,68,68
24121,24130,15,15
24131,24140,19,19
24141,24150,125,125
24151,24160,17,17
24161,24170,59,59
24171,24180,129,129
24181,24190,9,9
24191,24200,11,11
24201,24210,16,16
24211,24220,29,29
24221,24230,26,26
24231,24240,18,18
24241,24250,73,73
24251,24260,38,38
24261,24270,15,15
24271,24280,25,25
24281,24290,32,32
24291,24300,18,18
24301,24310,27,27
24311,24320,23,23
24321,24330,36,36
24331,24340,23,23
24341,24350,25,25
24351,24360,13,13
24361,24370,65,65
24371,24380,12,12
24381,24390,72,72
24391,24400,32,32
24401,24410,9,9
24411,24420,16,16
24421,24430,18,18
24431,24440,12,12
24441,24450,12,12
24451,24460,14,14
24461,24470,11,11
24471,24480,8,8
24481,24490,11,11
24491,24500,45,45
24501,24510,38,38
24511,24520,12,12
24521,24530,19,19
24531,24540,228,228
24541,24550,6,6
24551,24560,19,19
24561,24570,22,22
24571,24580,27,27
24581,24590,11,11
24591,24600,15,15
24601,24610,476,476
24611,24620,18,18
24621,24630,20,20
24631,24640,14,14
24641,24650,17,17
24651,24660,13,13
24661,24670,9,9
24671,24680,15,15
24681,24690,472,472
24691,24700,16,16
24701,24710,13,13
24711,24720,7,7
24721,24730,106,106
24731,24740,28,28
24741,24750,15,15
24751,24760,16,16
24761,24770,3,3
24771,24780,10,10
24781,24790,13,13
24791,24800,51,51
24801,24810,14,14
24811,24820,25,25
24821,24830,23,23
24831,24840,24,24
24841,24850,38,38
24851,24860,8,8
24861,24870,16,16
24871,24880,7,7
24881,24890,159,159
24891,24900,19,19
24901,24910,10,10
24911,24920,14,14
24921,24930,17,17
24931,24940,11,11
24941,24950,27,26
24951,24960,19,19
24961,24970,10,10
24971,24980,7,7
24981,24990,8,8
24991,25000,10,10
25001,25010,15,15
25011,25020,18,18
25021,25030,11,11
25031,25040,37,37
25041,25050,8,8
25051,25060,8,8
25061,25070,8,8
25071,25080,19,19
25081,25090,6,6
25091,25100,12,12
25101,25110,16,16
25111,25120,12,11
25121,25130,65,65
25131,25140,142,142
25141,25150,84,84
25151,25160,6,6
25161,25170,21,21
25171,25180,115,115
25181,25190,26,26
25191,25200,15,15
25201,25210,15,15
25211,25220,18,18
25221,25230,16,16
25231,25240,13,13
25241,25250,1208,1208
25251,25260,21,21
25261,25270,24,24
25271,25280,22,22
25281,25290,14,14
25291,25300,17,17
25301,25310,22,22
25311,25320,13,13
25321,25330,27,27
25331,25340,13,13
25341,25350,16,16
25351,25360,22,22
25361,25370,41,41
25371,25380,70,70
25381,25390,18,18
25391,25400,25,25
25401,25410,16,16
25411,25420,7,7
25421,25430,4,4
25431,25440,20,20
25441,25450,28,28
25451,25460,23,23
25461,25470,32,32
25471,25480,21,21
25481,25490,14,14
25491,25500,13,13
25501,25510,8,8
25511,25520,20,20
25521,25530,45,45
25531,25540,17,17
25541,25550,19,19
25551,25560,42,42
25561,25570,14,14
25571,25580,18,18
25581,25590,18,18
25591,25600,112,112
25601,25610,15,15
25611,25620,73,73
25621,25630,45,45
25631,25640,21,21
25641,25650,15,15
25651,25660,11,11
25661,25670,7,7
25671,25680,33,33
25681,25690,14,14
25691,25700,14,14
25701,25710,30,30
25711,25720,163,163
25721,25730,10,10
25731,25740,21,21
25741,25750,13,13
25751,25760,11,11
25761,25770,16,16
25771,25780,19,19
25781,25790,26,26
25791,25800,16,16
25801,25810,9,9
25811,25820,30,30
25821,25830,16,16
25831,25840,14,14
25841,25850,7,7
25851,25860,32,32
25861,25870,10,10
25871,25880,6,6
25881,25890,29,29
25891,25900,41,41
25901,25910,7,7
25911,25920,12,12
25921,25930,73,73
25931,25940,8,8
25941,25950,10,10
25951,25960,23,23
25961,25970,12,12
25971,25980,11,11
25981,25990,9,9
25991,26000,45,45
26001,26010,13,13
26011,26020,8,8
26021,26030,4,4
26031,26040,17,17
26041,26050,8,8
26051,26060,12,12
26061,26070,7,7
26071,26080,16,16
26081,26090,21,21
26091,26100,12,12
26101,26110,9,9
26111,26120,16,16
26121,26130,12,12
26131,26140,9,9
26141,26150,83,83
26151,26160,19,19
26161,26170,43,43
26171,26180,14,14
26181,26190,17,17
26191,26200,10,10
26201,26210,15,15
26211,26220,9,9
26221,26230,48,48
26231,26240,24,24
26241,26250,4,4
26251,26260,20,20
26261,26270,101,101
26271,26280,13,13
26281,26290,5,5
26291,26300,13,13
26301,26310,11,11
26311,26320,10,10
26321,26330,11,11
26331,26340,5,5
26341,26350,8,8
26351,26360,5,5
26361,26370,15,15
26371,26380,14,14
26381,26390,4,4
26391,26400,12,12
26401,26410,10,10
26411,26420,20,20
26421,26430,6,6
26431,26440,17,17
26441,26450,19,19
26451,26460,5,5
26461,26470,11,11
26471,26480,6,6
26481,26490,13,13
26491,26500,55,55
26501,26510,8,8
26511,26520,14,14
26521,26530,20,20
26531,26540,4,4
26541,26550,11,11
26551,26560,7,7
26561,26570,14,14
26571,26580,54,54
26581,26590,18,18
26591,26600,6,6
26601,26610,15,15
26611,26620,10,10
26621,26630,13,13
26631,26640,10,10
26641,26650,5,5
26651,26660,17,17
26661,26670,10,10
26671,26680,213,213
26681,26690,15,15
26691,26700,5,5
26701,26710,7,7
26711,26720,15,15
26721,26730,8,8
26731,26740,7,7
26741,26750,9,9
26751,26760,25,25
26761,26770,29,29
26771,26780,14,14
26781,26790,21,21
26791,26800,17,17
26801,26810,4,4
26811,26820,18,18
26821,26830,31,31
26831,26840,17,17
26841,26850,41,41
26851,26860,11,11
26861,26870,67,67
26871,26880,5,5
26881,26890,24,24
26891,26900,29,29
26901,26910,13,13
26911,26920,16,16
26921,26930,12,12
26931,26940,30,30
26941,26950,10,10
26951,26960,8,8
26961,26970,19,19
26971,26980,28,28
26981,26990,14,14
26991,27000,16,16
27001,27010,7,7
27011,27020,9,9
27021,27030,12,12
27031,27040,19,19
27041,27050,11,11
27051,27060,12,12
27061,27070,7,7
27071,27080,5,5
27081,27090,11,11
27091,27100,12,12
27101,27110,4,4
27111,27120,15,15
27121,27130,12,12
27131,27140,17,17
27141,27150,75,75
27151,27160,14,14
27161,27170,10,10
27171,27180,29,29
27181,27190,17,17
27191,27200,20,20
27201,27210,10,10
27211,27220,13,13
27221,27230,18,18
27231,27240,9,9
27241,27250,9,9
27251,27260,15,15
27261,27270,19,19
27271,27280,15,15
27281,27290,314,314
27291,27300,5,5
27301,27310,13,13
27311,27320,22,22
27321,27330,10,10
27331,27340,7,7
27341,27350,20,20
27351,27360,12,12
27361,27370,10,10
27371,27380,24,24
27381,27390,13,13
27391,27400,9,9
27401,27410,15,15
27411,27420,16,16
27421,27430,28,28
27431,27440,48,48
27441,27450,13,13
27451,27460,19,19
27461,27470,10,10
27471,27480,68,68
27481,27490,10,10
27491,27500,10,10
27501,27510,8,8
27511,27520,57,57
27521,27530,17,17
27531,27540,20,20
27541,27550,18,18
27551,27560,17,17
27561,27570,17,17
27571,27580,13,13
27581,27590,38,38
27591,27600,1391,1391
27601,27610,13,13
27611,27620,42,42
27621,27630,41,41
27631,27640,37,37
27641,27650,20,20
27651,27660,14,14
27661,27670,10,10
27671,27680,3,3
27681,27690,9,9
27691,27700,5,5
27701,27710,33,33
27711,27720,16,16
27721,27730,19,19
27731,27740,15,15
27741,27750,10,10
27751,27760,28,28
27761,27770,13,13
27771,27780,10,10
27781,27790,15,15
27791,27800,38,38
27801,27810,14,14
27811,27820,9,9
27821,27830,12,12
27831,27840,12,12
27841,27850,398,398
27851,27860,143,142
27861,27870,13,13
27871,27880,124,124
27881,27890,21,21
27891,27900,12,12
27901,27910,23,23
27911,27920,14,14
27921,27930,19,19
27931,27940,11,11
27941,27950,13,13
27951,27960,7,7
27961,27970,39,39
27971,27980,11,11
27981,27990,5,5
27991,28000,59,59
28001,28010,42,42
28011,28020,8,8
28021,28030,20,20
28031,28040,209,208
28041,28050,83,83
28051,28060,24,24
28061,28070,32,32
28071,28080,12,12
28081,28090,44,44
28091,28100,31,31
28101,28110,18,18
28111,28120,142,142
28121,28130,15,15
28131,28140,16,16
28141,28150,9,9
28151,28160,40,40
28161,28170,425,425
28171,28180,20,20
28181,28190,43,43
28191,28200,101,101
28201,28210,24,24
28211,28220,13,13
28221,28230,1014,1013
28231,28240,198,198
28241,28250,18,18
28251,28260,11,11
28261,28270,23,23
28271,28280,23,23
28281,28290,17,17
28291,28300,33,33
28301,28310,22,22
28311,28320,281,281
28321,28330,9,9
28331,28340,939,939
28341,28350,12,12
28351,28360,12,12
28361,28370,7,7
28371,28380,15,15
28381,28390,370,370
28391,28400,14,14
28401,28410,29,29
28411,28420,325,325
28421,28430,63,63
28431,28440,9,9
28441,28450,15,15
28451,28460,15,15
28461,28470,13,13
28471,28480,13,13
28481,28490,8,8
28491,28500,43,43
28501,28510,137,137
28511,28520,16,16
28521,28530,19,19
28531,28540,13,13
28541,28550,11,11
28551,28560,13,13
28561,28570,12,12
28571,28580,21,21
28581,28590,87,87
28591,28600,17,17
28601,28610,15,15
28611,28620,15,15
28621,28630,9,9
28631,28640,19,19
28641,28650,12,12
28651,28660,18,18
28661,28670,5,5
28671,28680,3,3
28681,28690,8,8
28691,28700,12,12
28701,28710,12,12
28711,28720,20,20
28721,28730,51,51
28731,28740,37,37
28741,28750,17,17
28751,28760,27,27
28761,28770,35,35
28771,28780,36,36
28781,28790,11,11
28791,28800,20,20
28801,28810,32,32
28811,28820,12,12
28821,28830,9,9
28831,28840,15,15
28841,28850,7,7
28851,28860,11,11
28861,28870,29,29
28871,28880,17,17
28881,28890,26,26
28891,28900,19,19
28901,28910,19,19
28911,28920,16,16
28921,28930,14,14
28931,28940,9,9
28941,28950,19,19
28951,28960,20,20
28961,28970,20,20
28971,28980,389,389
28981,28990,20,20
28991,29000,71,71
